Model,Accuracy,ROC_AUC,PR_AUC
CatBoost,0.7070414695240745,0.7784403938547773,0.7923175467936748
LGBM,0.7061508488728082,0.7767169456079654,0.7911577849451951
HistGradientBoosting,0.697355969941553,0.7690873984535271,0.7826409253349582
XGB,0.6921235736153633,0.7614140356621444,0.7787804200639898
